{
  "model": "Vision Transformer (ViT-Small/16)",
  "version": "v4.0",
  "timestamp": "2026-04-13 02:18:37",
  "test_accuracy": 0.859771258080557,
  "test_accuracy_pct": 85.9771258080557,
  "best_val_acc": 83.21875,
  "epochs_trained": 19,
  "confusion_matrix": [
    [
      257,
      12,
      1,
      0,
      5,
      0,
      5,
      0,
      39
    ],
    [
      17,
      68,
      0,
      3,
      2,
      0,
      0,
      0,
      4
    ],
    [
      2,
      0,
      158,
      0,
      8,
      0,
      1,
      0,
      0
    ],
    [
      3,
      1,
      0,
      38,
      6,
      0,
      4,
      0,
      0
    ],
    [
      11,
      0,
      2,
      1,
      961,
      8,
      5,
      0,
      12
    ],
    [
      1,
      0,
      1,
      0,
      24,
      54,
      1,
      0,
      3
    ],
    [
      8,
      0,
      0,
      5,
      18,
      0,
      72,
      0,
      4
    ],
    [
      8,
      2,
      0,
      2,
      0,
      0,
      0,
      4,
      5
    ],
    [
      35,
      1,
      0,
      0,
      7,
      2,
      3,
      0,
      117
    ]
  ],
  "per_class_accuracy": {
    "Cell-Fault": 0.8056426332288401,
    "Cracking": 0.723404255319149,
    "Diode-Fault": 0.9349112426035503,
    "Hot-Spot": 0.7307692307692307,
    "No-Anomaly": 0.961,
    "Offline-Module": 0.6428571428571429,
    "Shadowing": 0.6728971962616822,
    "Soiling": 0.19047619047619047,
    "Vegetation": 0.7090909090909091
  },
  "comparison": {
    "yolov8_v1": 77.4,
    "yolov8_v2": 77.0,
    "adaptpolykan": 70.0,
    "vision_transformer": 85.9771258080557,
    "paper_resnet": 85.9
  }
}