Model,Val Accuracy (%)
ResNet-18,94.28904428904428
YOLOv11m-cls,81.936776638031
YOLOv8m-cls,81.78625106811523
Vision Transformer,77.68065268065268
