Model,Test Accuracy (%)
ResNet-18,93.47198151357597
YOLOv8m-cls,79.37375903129578
YOLOv11m-cls,79.37375903129578
Vision Transformer,78.33622183708839
