{
  "model": "AdaptPolyKAN",
  "version": "v3.0",
  "timestamp": "2026-02-25 01:39:01",
  "test_accuracy": 0.6926902038786673,
  "test_accuracy_pct": 69.26902038786673,
  "confusion_matrix": [
    [
      199,
      14,
      6,
      0,
      61,
      4,
      5,
      0,
      30
    ],
    [
      39,
      38,
      1,
      0,
      10,
      2,
      4,
      0,
      0
    ],
    [
      9,
      1,
      134,
      1,
      22,
      2,
      0,
      0,
      0
    ],
    [
      11,
      1,
      8,
      8,
      15,
      6,
      2,
      0,
      1
    ],
    [
      57,
      0,
      8,
      2,
      903,
      12,
      13,
      0,
      5
    ],
    [
      13,
      0,
      2,
      0,
      40,
      28,
      0,
      0,
      1
    ],
    [
      21,
      2,
      5,
      1,
      47,
      4,
      27,
      0,
      0
    ],
    [
      10,
      6,
      0,
      0,
      3,
      0,
      0,
      0,
      2
    ],
    [
      75,
      4,
      2,
      0,
      23,
      1,
      4,
      0,
      56
    ]
  ],
  "comparison": {
    "v1.0": 77.4,
    "v2.0": 77.0,
    "v3.0": 69.26902038786673,
    "paper": 85.9
  }
}